# CCTS system-level parameters,,,
# Monetary units: EUR (€),,,
parameter,value,unit / notes,
distance_km,200,[km]  pipeline route length,
emissions_tonne_per_hr,150,[t/hr]  CO2 at the capture plant,
ets_price,300,[EUR/t CO2]  EU ETS carbon price,
interest_rate,0.07,[-]  interest rate for capital cost annualization,
# Capture,,,
capex_capture,8406247,[EUR/(t CO2/hr)]  capital cost per unit capture capacity,
opex_capture,24.84,[EUR/t CO2]  operating cost,
capture_rate,1,[-] capture rate (0-1),
gwi_fix_capture,0,[kg/t],
gwi_var_capture,29.65,[kg/t],
# Compression,,,
capex_compression,158426,[EUR/(t CO2/hr)]  capital cost per unit compression capacity (Sievert et al. 2025),
opex_compression,15.4,[EUR/t CO2]  operating cost (Sievert et al. 2025),
gwi_fix_compression,0,[kg/t],
gwi_var_compression,11.266,[kg/t],
# Geol. storage (only opex),,,
opex_geol_storage,40.71,[EUR/t CO2]  storage fee per tonne (Global CCS Institute, 2025)
gwi_fix_geol_storage,0,[kg/t],
gwi_var_geol_storage,3.52,[kg/t],